claim,dateOfPublish
"Indonesia military ready for operation to free NZ pilot, if talks fail, article with image",6:30 PM GMT+5:30
"NEWSMAKER Al Qaeda's new leader Adel has $10 million bounty on his head, article with image",12:29 PM GMT+5:30
"Ukraine war: major developments since Russia's invasion, article with image",10:33 AM GMT+5:30
"Russia declares battlefield gains as Ukraine urges faster military aid, article with gallery",12:19 AM GMT+5:30
"IMF revises Congo's 2022 growth up to 8.5%, rebel conflict a concern, article with image","February 15, 2023"
"Rebels in Indonesia's Papua say images show abducted NZ pilot in good health, article with video","February 15, 2023"
"African artists show support for east Congo conflict at music festival, article with gallery","February 14, 2023"
"Peru's Boluarte vows to crush 'narcoterrorism' after deadly police ambush, article with gallery","February 14, 2023"
"Colombia, ELN rebels resume peace talks in Mexico after ceasefire confusion, article with gallery","February 14, 2023"
"Stand-off with minority Serbs holds back Kosovo 15 years after independence, article with gallery","February 13, 2023"
"Kosovo Albanian-Serb tensions simmer on independence anniversary, article with image","February 13, 2023"
"Philippines' Marcos open to a troop pact with Japan, article with image","February 13, 2023"
"Syria's White Helmets 'answering all calls' to save lives after quake, article with image","February 12, 2023"
"Colombia to establish areas for armed groups as part of peace process, article with image","February 10, 2023"
"Malaysia PM vows to facilitate peace talks in restive southern Thailand, article with gallery","February 9, 2023"
"North Korea shows off largest-ever number of nuclear missiles at nighttime parade, article with video","February 9, 2023"
"Analysis: Earthquake in Syria offers leverage to isolated Assad, article with gallery","February 8, 2023"
"Russia: NATO involvement in Ukraine threatens 'unpredictable' escalation, article with image","February 7, 2023"
"Analysis: Swiss neutrality on the line as arms-for-Ukraine debate heats up, article with gallery","February 7, 2023"
"Colombia unveils four-year development plan worth nearly $250 bln, article with image","February 7, 2023"
"Protect, advance women for a better South Sudan, pope says, article with gallery","February 5, 2023"
"Pope offers 'wings to your hope' to displaced children in South Sudan, article with video","February 4, 2023"
"Pope implores South Sudan's leaders to end bloodshed, recriminations, article with video","February 3, 2023"
"Shun ethnic rivalry and corruption, pope tells African youth, article with video","February 3, 2023"
"Explainer: Why has peace eluded South Sudan?, article with gallery","February 3, 2023"
"Zelenskiy wants tougher Europe, Putin evokes victory over Nazis, article with video","February 3, 2023"
"Explainer: Why U.S. seeks closer security cooperation with the Philippines, article with gallery","February 3, 2023"
"Former Wagner commander says he is sorry for fighting in Ukraine, article with video","February 2, 2023"
"Ukraine's Zelenskiy calls for more EU sanctions on Russia, article with image","February 2, 2023"
"Pope hears harrowing tales of Congo violence and says: 'Enough!', article with video","February 2, 2023"
"'Hands off Africa,' Pope Francis tells rich world, article with video","February 1, 2023"
"Explainer: What is driving the violence in eastern Congo?, article with gallery","February 1, 2023"
"Explainer: Why are there protests in Peru and what comes next?, article with gallery","February 1, 2023"
"Defence chiefs of U.S., S.Korea vow to step up drills to counter North, article with gallery","January 31, 2023"
"Violence in Colombia falls in first month of ceasefire, article with image","January 31, 2023"
"Colombia's attorney general says he will not drop extradition warrants, article with image","January 31, 2023"
"Biden says no F-16s for Ukraine as Russia claims gains, article with video","January 31, 2023"
"Analysis: Israel and Palestinians risk deeper conflict in a distracted world, article with gallery","January 30, 2023"
"Odds 'very high' of U.S. military conflict with China, top Republican says, article with gallery","January 30, 2023"
"Italy's Eni signs $8 billion Libya gas deal as PM Meloni visits Tripoli, article with gallery","January 29, 2023"
"Colombia cocaine seizures break record in 2022, article with image","January 29, 2023"
"Lebanese MPs denounce top prosecutor's moves against judge probing port blast, article with gallery","January 27, 2023"
"Analysis: Lebanese elite bury blast probe, pushing fragile state closer to edge, article with gallery","January 27, 2023"
"Israeli troops kill 7 Palestinian gunmen, 2 civilians in Jenin clash, Palestinians say, article with video","January 27, 2023"
"Colombia must strengthen rule of law, state presence in areas hit by violence -UN, article with gallery","January 26, 2023"
"Migrant wreck off Libya kills eight with scores rescued, Red Crescent says, article with gallery","January 25, 2023"
"South Africa defends planned military drills with Russia and China, article with gallery","January 24, 2023"
"Russia says Ukraine storing arms at nuclear plants, Kyiv denies claim, article with image","January 24, 2023"
"Colombia killings of social leaders hit record in 2022 -ombudsman, article with gallery","January 23, 2023"
"Canada says Cameroon warring parties agree to enter peace process, article with gallery","January 21, 2023"
"Factbox: Iran's Revolutionary Guards: from military operations to business empire, article with image","January 19, 2023"
"New German defence minister says he will strengthen army, help Ukraine, article with image","January 19, 2023"
"Analysis: Hamas sees West Bank as battleground with new Israel gov't, article with gallery","January 18, 2023"
"Analysis: Germany's new defence minister faces pressure on tanks, army upgrade, article with gallery","January 18, 2023"
"Congolese president says M23 rebels have not withdrawn as agreed, article with gallery","January 18, 2023"
"After 30 years, Italy arrests mafia boss Messina Denaro at Sicilian hospital, article with video","January 17, 2023"
"UN envoy encouraged by Yemen truce deal efforts, warns against 'piecemeal approach', article with image","January 16, 2023"
"Rescue hopes fade after Russian attack on Dnipro, article with video","January 16, 2023"
"Analysis: Wagner Group boss courts Putin with Ukrainian battlefield success, article with gallery","January 16, 2023"
"Britain to send 14 of its main battle tanks to Ukraine, article with video","January 15, 2023"
"Syrian foreign minister: No normal ties with Turkey without end to occupation, article with image","January 14, 2023"
"Puma fighting vehicle to return to key NATO mission in first half of 2023 - Berlin, article with gallery","January 14, 2023"
"Assad says Turkey talks must be based on ending 'occupation', article with image","January 13, 2023"
"Peru families mourn protest dead after worst violence in decades, article with video","January 13, 2023"
"Russia appoints top soldier Gerasimov to oversee Ukraine campaign, article with gallery","January 12, 2023"
"Nobel Prize body knew Kissinger's 1973 Vietnam deal unlikely to bring peace, documents show, article with gallery","January 12, 2023"
"Turkish court convicts doctor of terrorism propaganda, releases her from jail-rights groups, article with gallery","January 11, 2023"
"Russia is now fighting NATO in Ukraine, top Putin ally says, article with gallery","January 10, 2023"
"Congo M23 rebels hand back army base amid suspected ceasefire breaches elsewhere, article with gallery","January 7, 2023"
"New U.S. sanctions target supply of Iranian drones to Russia, article with image","January 6, 2023"
"U.N. internal report flags east Congo rebels flouting ceasefire and withdrawal deal, article with gallery","January 6, 2023"
"Emirati FM meets Syria's Assad in Damascus in further sign of thawing ties, article with gallery","January 5, 2023"
"Colombia suspends ceasefire with ELN after rebel group rejects effort, article with gallery","January 4, 2023"
"Syria opposition uneasy after Turkish, Syrian defence ministers meet, article with image","January 4, 2023"
"Russians furious at commanders over Ukrainian rocket strike that killed scores, article with video","January 4, 2023"
"Colombia's ELN rebels say they have not agreed to ceasefire, article with image","January 3, 2023"
"Muscovites mark muted New Year without fireworks, hope for peace, article with gallery","January 1, 2023"
"Russia attacks Ukraine along frontline from north to south, article with video","December 31, 2022"
"Putin expects China's Xi to visit soon, Xi holds his line on Ukraine, article with video","December 31, 2022"
"Putin and Xi to speak by video link on Friday, article with image","December 29, 2022"
"Key architect of Michigan governor kidnapping plot sentenced to over 19 years in prison, article with video","December 28, 2022"
"Ringleader in plot to kidnap Michigan governor sentenced to 16 years in prison, article with video","December 28, 2022"
"Putin says Russia ready to negotiate over Ukraine, Kyiv says Moscow doesn't want talks, article with image","December 26, 2022"
"King Charles' first Christmas message as monarch, article with gallery","December 25, 2022"
"Russian politician files legal challenge over Putin's reference to Ukraine ""war"", article with image","December 23, 2022"
"Putin says Russia wants end to war in Ukraine, article with video","December 23, 2022"
"Exclusive: US says Russia's Wagner Group bought North Korean weapons for Ukraine war, article with image","December 23, 2022"
"Invoking World War Two, Zelenskiy tells Congress aid is not charity, article with video","December 22, 2022"
"Putin says no limit on financial support for Russia's armed forces, article with image","December 21, 2022"
"Palantir lands 75 million pound deal with British military, article with image","December 21, 2022"
"Senator wants review of U.S. security assistance to Nigeria following abortion report, article with gallery","December 20, 2022"
"Russian 'kamikaze' drones hit Kyiv, Putin has talks in ally Belarus, article with video","December 20, 2022"
"Putin and Lukashenko dwell on cooperation, not Ukraine war, after summit, article with video","December 20, 2022"
"Colombia ELN leftist guerrilla group declares Christmas ceasefire, article with gallery","December 20, 2022"
"Indonesia president supports plan to scale back troops in restive Papua, article with image","December 19, 2022"
"Self-exiled Philippine communist leader Sison dies at 83, article with gallery","December 17, 2022"
"Explainer: When are attacks on civilian infrastructure war crimes?, article with gallery","December 16, 2022"
"Factbox: What will Japan's military build-up look like?, article with image","December 16, 2022"
"Russia preparing for long war, Ukrainian military says, article with gallery","December 15, 2022"
"Africa's food crisis is the biggest yet – five reasons why, article with video","December 15, 2022"
"Hamas defiant as hardline Israeli coalition takes shape, article with gallery","December 14, 2022"
"South Sudan violence has killed 166 civilians, displaced over 20,000 - U.N., article with image","December 14, 2022"
"Climate change will fuel humanitarian crises in 2023 -study, article with image","December 14, 2022"
"Factbox: What will Japan's military build-up look like?, article with image","December 13, 2022"
"Exclusive: International legal experts assist Ukraine in sexual violence investigation, article with video","December 13, 2022"
"Colombia's government, ELN guerrillas complete first round of talks, article with gallery","December 13, 2022"
"Some Russian soldiers in Ukraine unhappy with top brass, Girkin says, article with image","December 11, 2022"
"EU adds eight people to Congolese sanctions list, article with gallery","December 9, 2022"
"M23 rebels ready to withdraw from occupied areas in eastern Congo, article with video","December 7, 2022"
"Colombia's armed forces to maintain offensive against armed groups -president says, article with image","December 6, 2022"
"Pakistan's new army chief says will defend ""motherland"" during visit to disputed Kashmir, article with image","December 3, 2022"
"Congolese army says rebels massacred 50 civilians in eastern town, article with gallery","December 2, 2022"
"Russia accuses U.S. of direct Ukraine war role, but says it's open to potential talks, article with image","December 1, 2022"
"Colombia faces very large challenge to stop ""endemic violence"" -Amnesty, article with gallery","December 1, 2022"
"In Peru's hills, an artisanal miner boom frustrates Big Copper's plans, article with gallery","December 1, 2022"
"Hunger-struck Africa needs liquidity, debt relief, article with image","November 30, 2022"
"Russia should use advanced weapons in Ukraine, Shoigu says, article with image","November 30, 2022"
"Exclusive: U.S., Russia have used their military hotline once so far during Ukraine war, article with gallery","November 29, 2022"
"Burkina Faso's vanishing gold boom puts livelihoods at risk, article with gallery","November 28, 2022"
"Colombia, ELN rebels invite three more countries to help with peace talks, article with image","November 26, 2022"
"Explainer: Why Pakistan's army chief matters far beyond its borders, article with image","November 25, 2022"
"History repeats in Congo for families fleeing rebel violence, article with video","November 24, 2022"
"Peace talks will not slow Colombia's offensive against armed groups -officials, article with image","November 24, 2022"
"Chechens fighting for Ukraine see chance to 'free' their homeland, article with video","November 23, 2022"
"Some Russian commanders encouraged sexual violence, says lawyer advising Kyiv, article with gallery","November 23, 2022"
"Russia's war on Ukraine latest news: Harsh winter looms as Russian strikes hobble Ukraine's power capacity, article with video","November 23, 2022"
"Senators urge Pentagon to reconsider Gray Eagle drones for Ukraine, article with gallery","November 23, 2022"
"Turkey vows more retaliation after 2 killed in cross-border Kurdish strikes, article with gallery","November 22, 2022"
"Colombia, ELN rebels start peace talks, hoping to end six decades of war, article with gallery","November 22, 2022"
"On Europe's new frontlines, red tape, politics and potholes hamper defence, article with video","November 22, 2022"
"U.S. says Russia's Ukraine invasion offered preview to potential global tyranny, article with video","November 20, 2022"
"Ukraine says half its energy system crippled by Russian attacks, Kyiv could 'shutdown', article with gallery","November 19, 2022"
"Factbox: North Korea's expanding missile capabilities, article with image","November 18, 2022"
"Colombia, ELN rebels set to begin peace talks next week, article with image","November 18, 2022"
"Analysis: Libya's festering crisis risks slide back to war, article with gallery","November 17, 2022"
"Explainer: Who Pakistan picks as army chief matters far beyond its borders, article with image","November 17, 2022"
"Republican U.S. House will sharpen China focus, monitor Ukraine aid, article with image","November 17, 2022"
"Former Kenya president calls for urgent intervention in Congo fighting, article with video","November 17, 2022"
"Brutality of war grips Polish village where missile struck, article with video","November 17, 2022"
"Explainer: NATO's Articles 4 and 5: Could Ukraine war trigger its defence obligations?, article with video","November 16, 2022"
"Pope asks God to 'hurry up' to end Ukraine war, condemns missile strikes, article with gallery","November 16, 2022"
"Americas rights body turns up heat on Mexico over missing students, article with video","November 16, 2022"
"Hundreds flee as Congo's M23 rebels near key city of Goma, article with video","November 16, 2022"
"UK set to join EU project helping swift military movements across Europe, article with image","November 15, 2022"
"Both Russia and Ukraine tortured prisoners of war, UN says, article with image","November 15, 2022"
"Kremlin criticises attempts to 'plunder' frozen assets for Ukraine reparations, article with image","November 15, 2022"
"Factbox: What is the Syrian Kurdish YPG?, article with video","November 14, 2022"
"Video shows sledgehammer execution of Russian mercenary, article with image","November 13, 2022"
"Biden discusses security pact, Taiwan Strait with Australian PM, article with image","November 13, 2022"
"Turkey seeks Ukraine peace talks despite Western actions, Erdogan says, article with image","November 12, 2022"
"Exclusive: Russia needs time to pull back from Kherson, fighting to slow in winter -Kyiv, article with video","November 11, 2022"
"EU proposes cyber defence plan as concerns about Russia mount, article with video","November 11, 2022"
"Explainer: Blood, treasure and chaos: the cost of Russia's war in Ukraine, article with image","November 10, 2022"
"More than 100,000 Russian military casualties in Ukraine, top U.S. general says, article with image","November 10, 2022"
"U.N. experts call for release of Turkish medical association head, article with gallery","November 8, 2022"
"Pussy Riot's Alyokhina urges West to confront 'abuser' Putin with strength, article with gallery","November 3, 2022"
"Swiss again reject German request to re-export Swiss ammunition to Ukraine, article with image","November 3, 2022"
"Factbox: North Korea's expanding missile capabilities, article with image","November 3, 2022"
"North Korea fires 23 missiles, one landing off South Korean coast for first time, article with video","November 2, 2022"
"Russia: West must stop 'encouraging provocations' to avoid nuclear disaster, article with image","November 2, 2022"
"North Korea says U.S.-South Korea drills 'can no longer be tolerated', article with gallery","November 2, 2022"
"Empty streets, shuttered shops as Russian-held Kherson braces for battle, article with gallery","November 1, 2022"
"After weeks of chaos, Russia says partial mobilisation is complete, article with image","October 31, 2022"
"Russia's partial mobilisation is complete, Shoigu says, article with gallery","October 28, 2022"
"Russia's anti-satellite threat tests laws of war in space, article with image","October 28, 2022"
"Israel, Lebanon finalise maritime demarcation deal without mutual recognition, article with video","October 28, 2022"
"Ethiopian government accused of deadly air strikes on Oromiya region, article with image","October 27, 2022"
"Analysis: Xi's new generals offer cohesion over possible Taiwan plans, article with image","October 27, 2022"
"Analysis: Deal for reducing military tensions with North Korea could go 'back to square one', article with image","October 27, 2022"
"Colombia's Congress approves negotiations with illegal armed groups, article with image","October 27, 2022"
"ASEAN chair warns over Myanmar violence; U.S. urges more pressure, article with image","October 26, 2022"
"Romania plans to boost Black Sea talks, military procurement, article with image","October 25, 2022"
"Malaysia's deportation of Myanmar refugees violates international law - UN, article with image","October 25, 2022"
"France's Macron says there is chance for peace in Ukraine, article with video","October 24, 2022"
"Israeli forces kill Palestinian in West Bank, Palestinian officials say, article with video","October 23, 2022"
"Little-known Penny Mordaunt ready to run again for Britain's top job, article with image","October 22, 2022"
"U.S. grants Temporary Protected Status to Ethiopians fleeing conflict, article with image","October 21, 2022"
"Kremlin: We don't expect 'political wisdom' in selection of new British PM, article with image","October 21, 2022"
"Russian court orders arrest of dissident journalist Ovsyannikova, article with image","October 21, 2022"
"Lafarge pleads guilty to U.S. charge of supporting Islamic State, to pay $778 million, article with video","October 20, 2022"
"EXCLUSIVE Looped in 'line by line', Hezbollah shows pragmatic side in Lebanon-Israel deal, article with gallery","October 19, 2022"
"Australia to investigate reports pilots trained Chinese military - minister, article with image","October 19, 2022"
"Analysis: Vladimir Putin is safe in power for now, but risks lie ahead, sources say, article with gallery","October 19, 2022"
"Russian women pay the price in protests against Putin's war, article with gallery","October 17, 2022"
"Iraq elects new president and premier, ending stalemate, article with gallery","October 14, 2022"
"North Korea says it practiced firing nuclear-capable cruise missiles, article with image","October 13, 2022"
"Turkish energy minister: Putin proposal for gas hub in Turkey should be discussed, article with image","October 12, 2022"
"Analysis: Fearing war in Xi's next term, Taiwan bolsters defences, article with video","October 12, 2022"
"Explainer: Why Russia's missiles on Ukraine have limited impact, article with gallery","October 12, 2022"
"Iran protests over woman's death persist despite crackdown, article with image","October 12, 2022"
"Iraqi parliament to vote Thursday on new president amid divisions, article with gallery","October 11, 2022"
"Moldovan president calls for tougher policing to tackle pro-Russia protests, article with image","October 11, 2022"
"Colombia to keep fighting drugs, criminal groups amid drive for total peace, article with image","October 10, 2022"
"Taiwan says war with China 'absolutely' not an option, but bolstering defences, article with image","October 10, 2022"
"Colombia reaches deal to buy land from cattle ranchers, article with image","October 8, 2022"
"Don't cancel New Year celebrations because of war, says Moscow, article with image","October 8, 2022"
"Erdogan and Putin discuss improving ties, ending Ukraine war, article with image","October 7, 2022"
"South Korea, U.S. fire missiles to protest 'reckless' North Korean test, article with video","October 6, 2022"
"Roadside bomb kills three U.N. peacekeepers in Central African Republic, article with image","October 5, 2022"
"Factbox: North Korea's expanding missile capabilities, article with image","October 5, 2022"
"Who is Ibrahim Traore, the soldier behind Burkina Faso's latest coup?, article with video","October 4, 2022"
"Lebanon's Berri sees draft maritime deal as 'positive', article with image","October 2, 2022"
"North Korea fires fourth missile in a week as South flexes military muscle, article with image","October 1, 2022"
"Russian military showing increased frailty in Ukraine war -British military chief, article with image","September 30, 2022"
"Nobel Peace Prize could condemn Ukraine war or highlight climate change, article with video","September 30, 2022"
"In Colombia, land occupations raise tensions and spook investors, article with gallery","September 30, 2022"
"U.S. VP Harris denounces North Korea's 'brutal dictatorship,' Pyongyang fires more missiles, article with video","September 30, 2022"
"Colombia peace process must solve causes of conflict - ELN rebel commander, article with image","September 29, 2022"
"Israeli forces kill 4 Palestinian gunmen in flashpoint West Bank town, article with video","September 29, 2022"
"Moldova must boost defences, given presence of Russia troops -president, article with image","September 29, 2022"
"Colombia says 10 armed groups agree to unilateral ceasefire, article with image","September 28, 2022"
"Analysis: Truth or bluff? Why Putin's nuclear warnings have the West worried, article with gallery","September 28, 2022"
"UN says Russia abuses prisoners in Ukraine, article with image","September 27, 2022"
"Factbox: Russia prepares to formally annex 15% of Ukraine, article with video","September 27, 2022"
"Russians flee to Georgia after Putin's mobilisation order, article with video","September 27, 2022"
"Lebanon expects U.S. mediator offer for maritime border with Israel within days, article with image","September 26, 2022"
"Moldova considers sanctions for citizens who fight for Russia in Ukraine, article with image","September 26, 2022"
"Israeli forces kill Palestinian militant in West Bank, article with gallery","September 25, 2022"
"More than 730 detained in anti-mobilisation protests across Russia, rights group says, article with video","September 25, 2022"
"Russia holds annexation votes; Ukraine says residents coerced, article with video","September 25, 2022"
"Ukraine's Zelenskiy acclaims commanders freed in prisoner swap, article with video","September 22, 2022"
"U.N. rights envoy warns that Myanmar's election will be a 'fraud', article with image","September 22, 2022"
"Ukraine's Zelenskiy hails commanders freed in prisoner swap as 'superheroes', article with image","September 22, 2022"
"Russia calls up 300,000 reservists, says 6,000 soldiers killed in Ukraine, article with video","September 21, 2022"
"Disdain and defiance among Kyiv residents after Putin order, article with image","September 21, 2022"
"Categories exempt from call-up to be determined soon - Kremlin, article with image","September 21, 2022"
"Colombia's Petro calls on Latin America to unite against war on drugs, article with image","September 20, 2022"
"Russian parliament toughens punishment for crimes during military mobilisation, article with image","September 20, 2022"
"India's Modi assails Putin over Ukraine war, article with gallery","September 16, 2022"
"Putin tells Modi he understands India's concerns over Ukraine conflict, article with gallery","September 16, 2022"
"Princes William, Harry to stand vigil at Queen Elizabeth's coffin on Saturday, article with image","September 16, 2022"
"Putin acknowledges China's concerns over Ukraine in sign of friction, article with video","September 16, 2022"
"Putin acknowledges China's concerns over Ukraine in sign of friction, article with video","September 15, 2022"
"Russia says longer-range U.S. missiles for Kyiv would cross red line, article with video","September 15, 2022"
"Armenia reports truce after new clashes with Azerbaijan, article with video","September 15, 2022"
"Putin calls for calm amid deadliest Azerbaijan-Armenia clashes since 2020, article with video","September 13, 2022"
"Turkey backs Azerbaijan, says Armenia 'should cease provocations', article with image","September 13, 2022"
"Uganda says paid first instalment in Congo war reparations, article with video","September 12, 2022"
"Ukrainians with disabilities remain trapped in conflict zones, U.N. committee says, article with image","September 9, 2022"
"Some Russians mourn Queen Elizabeth with flowers as Kremlin pays respects, article with gallery","September 9, 2022"
"EU boosts military support to gas-rich Mozambique amid energy crisis, article with gallery","September 8, 2022"
"Ukraine's top general warns of Russian nuclear strike risk, article with image","September 8, 2022"
"Swiss seek closer defence ties to EU, NATO; to stay neutral, article with image","September 7, 2022"
"Praying for 'martyred Ukraine', Pope urges halt to 'world war', article with video","September 7, 2022"
"Myanmar conflict under control, junta chief says, article with image","September 7, 2022"
"Israel: Al Jazeera reporter was likely killed unintentionally by its forces, article with image","September 6, 2022"
"Nuclear plant loses power line as Moscow, West energy row escalates, article with video","September 4, 2022"
"Seven Colombia police killed in deadliest attack since leftist took office, article with gallery","September 3, 2022"
"Top Russian oil official falls to death from hospital window - sources, article with video","September 1, 2022"
"Russia's military suffering manpower shortages -U.S. intelligence, article with image","September 1, 2022"
"UN inspectors near Ukrainian nuclear plant on mission to avert an accident, article with video","September 1, 2022"
"Kyiv ravers escape horrors of war through music, article with video","August 31, 2022"
"Zelenskiy tells Russians to run for their lives from Ukraine offensive in south, article with video","August 31, 2022"
"Deadly clashes rage in Baghdad in Shi'ite power struggle, article with video","August 30, 2022"
"Tripoli calm, Libya riven after worst fighting in years, article with video","August 29, 2022"
"U.S. warships transit Taiwan Strait, first since Pelosi visit, article with gallery","August 28, 2022"
"Colombian president proposes multilateral ceasefire to illegal armed groups, article with image","August 28, 2022"
"Deadly battles erupt across Tripoli, raising fears of wider Libya war, article with video","August 28, 2022"
"U.S. senator arrives in Taiwan, defying angry Beijing, article with video","August 26, 2022"
"Chile's Boric suffers first Cabinet resignation, article with image","August 26, 2022"
"Zelenskiy says crisis averted as Russian-held Ukraine nuclear plant regains power, article with video","August 26, 2022"
"U.S. report identifies 21 'filtration' locations run by Russia for processing Ukrainians, article with gallery","August 25, 2022"
"In strategy shift, Colombia to suspend air strikes on armed groups, article with image","August 25, 2022"
"Putin signs decree to increase size of Russian armed forces, article with image","August 25, 2022"
"Thailand's new acting leader is another royalist military man, article with image","August 25, 2022"
"Colombia will not extradite criminals who negotiate government deals - Petro, article with image","August 25, 2022"
"Analysis: Putin bets winter gas chokehold will yield Ukraine peace - on his terms, article with image","August 24, 2022"
"Explainer: Blood, treasure and chaos - the cost of Russia's war in Ukraine, article with gallery","August 24, 2022"
"Blasts, fresh drone attacks rock Russian-held areas far from Ukraine war front, article with video","August 20, 2022"
"Ukraine and Russia: What you need to know right now, article with gallery","August 18, 2022"
"Top U.N. official presses Myanmar's junta leader in rare visit, article with image","August 18, 2022"
"Fresh shelling renews blame game over Ukraine nuclear plant, article with video","August 16, 2022"
"Colombia's Petro replaces military commanders in human rights drive, article with image","August 13, 2022"
"U.N. humanitarian agencies face record funding gap this year, article with image","August 12, 2022"
"Colombia advances towards restarting peace talks with ELN, article with image","August 12, 2022"
"Blinken, Kagame discuss U.N. report that Rwanda supports rebel group, article with video","August 11, 2022"
"Taiwan says China's threat remains, though military drills ease, article with image","August 11, 2022"
"Kosovo PM says tensions with Serbs in north could escalate, warns of possible new conflict, article with image","August 10, 2022"
"U.S. 'very concerned' about reports Rwanda backing rebels in Congo, Blinken says, article with video","August 10, 2022"
"Russia suspends START arms inspections over U.S. travel curbs, article with image","August 8, 2022"
"Palestinian militants fire rockets at Israel after Gaza air strikes, article with video","August 6, 2022"
"Shells hit power lines at Ukraine nuclear plant, fighting in east, article with gallery","August 6, 2022"
"Ukraine seeks to extend shipping safe passage deal beyond grain, article with gallery","August 5, 2022"
"Canada to help train Ukrainian recruits in United Kingdom, article with image","August 4, 2022"
"Russian ceasefire and troop pullout must precede any talks, says Ukraine, article with video","August 4, 2022"
"Analysis: Crisis in Iraq tests its stability and Iran's sway, article with gallery","August 3, 2022"
"Pelosi arrives in Taiwan vowing U.S. commitment; China enraged, article with video","August 3, 2022"
"Pope to visit Kazakhstan, may meet Russian Orthodox patriarch, article with gallery","August 1, 2022"
"Factbox: Iraq’s competing Shi’ite groups, article with gallery","August 1, 2022"
"Myanmar junta extends emergency rule, cites need for stability, article with image","August 1, 2022"
"Explainer: What's driving the power struggle in Iraq?, article with gallery","July 31, 2022"
"Russia, Ukraine trade blame for dozens of deaths in Donetsk prison destruction, article with video","July 30, 2022"
"Blinken and Russia's Lavrov have 'frank' discussion about detained citizens, article with video","July 30, 2022"
"Six bodies found in southern Syrian town after clashes, reports say, article with image","July 29, 2022"
"Analysis: With massive Polish arms deal S.Korea steps closer to Ukraine war, article with image","July 29, 2022"
"N.Korea's Kim says nuclear deterrent is ready, slams South's Yoon, article with video","July 29, 2022"
"Colombia and Venezuela to appoint new ambassadors, reopening diplomatic relations, article with image","July 29, 2022"
"No deal yet with U.S. on Griner swap for arms dealer Bout, Russia says, article with gallery","July 29, 2022"
"Deadlock gives Iraq record run without government, hampering reforms, article with video","July 28, 2022"
"U.S. says Beijing's South China Sea 'provocations' risk major incident, article with image","July 27, 2022"
"Analysis: South Korea doubles down on risky 'Kill Chain' plans to counter North Korea nuclear threat, article with image","July 26, 2022"
"Factbox: What became of the 'Arab Spring'?, article with gallery","July 25, 2022"
"Clashes erupt on outskirts of Libya's Misrata, article with gallery","July 23, 2022"
"Russia says it destroyed 4 HIMARS launchers, in claim denied by Ukraine, article with gallery","July 23, 2022"
"Colombia President-elect Petro names Ivan Velasquez as defense minister, article with image","July 22, 2022"
"Colombian illegal armed groups propose ceasefire with incoming government, article with image","July 21, 2022"
"Russia prepares for next Ukraine offensive in face of new Western weapons, article with video","July 18, 2022"
"Russia vows to ramp up operations as rockets pound Ukraine, article with video","July 17, 2022"
"Poland to buy 116 used Abrams tanks from U.S., says minister, article with image","July 15, 2022"
"Ukraine condemns Russia strike that killed 23 in 'ordinary, peaceful' city, article with video","July 15, 2022"
"Colombia potential cocaine output fell to 972 tonnes in 2021 - White House, article with gallery","July 15, 2022"
"Forty-five nations pledge to coordinate evidence of war crimes in Ukraine, article with video","July 14, 2022"
"Libya's Tripoli government installs new oil company head despite opposition, article with gallery","July 14, 2022"
"Russian foreign ministry attacks West for giving Ukrainian forces weapons training, article with image","July 14, 2022"
"Libya's oil chief rejects sacking, says govt mandate expired, article with image","July 14, 2022"
"U.S. calls for immediate halt to Russian deportations in Ukraine, article with image","July 14, 2022"
"Hezbollah chief vows 'no one' will extract gas, oil from maritime zones if Lebanon unable to do so, article with image","July 14, 2022"
"Turkey reports deal to restore Ukrainian grain exports, UN says more work needed, article with gallery","July 14, 2022"
"Russian opposition politician kept in prison under 'fake information' investigation, article with gallery","July 13, 2022"
"U.S. to renew but not expand humanitarian protection for Venezuelans in the country, article with gallery","July 12, 2022"
"U.N. adds Ukraine, Ethiopia, Mozambique to children killing inquiry, article with image","July 11, 2022"
"Russia and Turkey plan summit talks soon - Kremlin, article with gallery","July 11, 2022"
"More Russian men look to avoid military service, some lawyers and rights groups say, article with video","July 8, 2022"
"Russia rejoices over Boris Johnson's downfall: the 'stupid clown' has gone, article with video","July 7, 2022"
"Congo, Rwanda agree at Angola summit to reduce tension, article with gallery","July 7, 2022"
"Uzbek leader blames 'foreign forces' for outbreak of unrest, article with image","July 7, 2022"
"Al Jazeera reporter likely killed by unintentional gunfire from Israeli positions, U.S. says, article with gallery","July 4, 2022"
"Congo and Rwanda to meet for talks amid tensions over rebels, article with gallery","July 4, 2022"
"Colombia extradites accused drug cartel leader's sister to U.S., article with gallery","July 2, 2022"
"Russia abandons Black Sea outpost of Snake Island in victory for Ukraine, article with video","July 1, 2022"
"Libya talks in Geneva end without breakthrough, article with image","June 30, 2022"
"Pope implicitly accuses Russia of aggression, imperialism in Ukraine, article with image","June 30, 2022"
"Woman made to cook and eat human flesh, Congo group tells U.N., article with image","June 30, 2022"
"NATO backs military aid for 'heroic' Ukraine, Russia steps up attacks, article with video","June 30, 2022"
"Colombia must advance talks with armed groups to secure peace -truth commission president, article with gallery","June 30, 2022"
"NATO to monitor migration as risk of instability to members, article with image","June 29, 2022"
"Colombia truth commission urges drug policy change to end violence, article with image","June 29, 2022"
"Russia denies hitting Ukrainian shopping centre with missiles, article with gallery","June 28, 2022"
"Ukraine is already using U.S.-supplied rocket systems in conflict, top general says, article with image","June 25, 2022"
"Ukraine set to quit ruined Sievierodonetsk as Russians close in, article with video","June 25, 2022"
"Analysis: Taliban's isolation makes Afghan earthquake response harder, article with video","June 23, 2022"
"Attacks in Sudan's Darfur bring new surge in people fleeing their homes, article with image","June 23, 2022"
"Tripoli factions on edge as Libya stalemate festers, article with video","June 22, 2022"
"A Somali boy's mission to find food as climate change takes its toll, article with video","June 20, 2022"
"Analysis: Colombia's first leftist leader Gustavo Petro targets inequality; investors on edge, article with image","June 20, 2022"
"Omnia sees Africa increasing farm input support amid food security fears, article with gallery","June 20, 2022"
"Colombia's new leftist president Petro promises to fight inequality, article with video","June 20, 2022"
"Hometown looks to aspiring Colombia VP Marquez to deliver on inequality promises, article with gallery","June 17, 2022"
"Yemeni journalist killed in car blast in Aden, article with gallery","June 16, 2022"
"What next? Ukraine's allies divided over Russia endgame, article with gallery","June 13, 2022"
"Global nuclear arsenal to grow for first time since Cold War, think-tank says, article with image","June 13, 2022"
"Ukraine says it remains in control of Sievierodonetsk plant sheltering hundreds, article with video","June 12, 2022"
"Colombia candidate Petro says 'human' campaign will carry him to victory, article with gallery","June 11, 2022"
"Two Britons, one Moroccan sentenced to death by court of Russian proxy in Ukraine, article with video","June 10, 2022"
"Russian army base sees scramble for war supplies, locals and soldiers say, article with gallery","June 8, 2022"
"Police recover explosives following massacre in Nigerian Catholic church, article with video","June 7, 2022"
"Syrian, Russian forces boosted after Turkey signals operation, officials say, article with gallery","June 7, 2022"
"U.S. broadcaster Radio Liberty fined $325,000 in Russia for 'fake news' - Interfax, article with gallery","June 6, 2022"
"Explainer: Israel-Lebanon sea boundary row obstructs energy development, article with image","June 6, 2022"
"Hezbollah says 'ready' to act if Lebanon says Israel violating water rights, article with gallery","June 6, 2022"
"Russia strikes Kyiv for first time in weeks as battle rages in east, article with video","June 6, 2022"
"Russia strikes Kyiv for first time in weeks as battle rages in east, article with video","June 6, 2022"
"Russia strikes Kyiv for first time in weeks, battle rages in east, article with video","June 5, 2022"
"High hopes Lavrov visit to Turkey unlocks Ukraine grain exports, Turkish source says, article with gallery","June 3, 2022"
"Mystery surrounds how munitions imported for Indonesia's civilian spies were used in attacks on villages, article with gallery","June 3, 2022"
"Ukraine's Zelenskiy eyes 'inflection point' in war as Russia tightens grip on key target, article with gallery","June 3, 2022"
"Russians reach centre of Ukraine industrial city; U.S. to give Kyiv advanced rockets, article with video","June 2, 2022"
"'Major confrontation' with Hezbollah ahead, says Lebanon Christian politician, article with gallery","June 1, 2022"
"Myanmar military, coup opponents trade blame after deadly bus stop blast, article with image","June 1, 2022"
"Pope's July visit to Africa to go ahead despite health issues, article with gallery","May 30, 2022"
"Congo suspends flights from Rwanda over Kigali's alleged support for rebels, article with image","May 28, 2022"
"Exclusive: U.S. and Ukraine discuss danger of escalation as new arms extend Kyiv's reach, article with gallery","May 27, 2022"
"Taiwan radio enthusiasts tune in as Chinese, U.S. warplanes crowd sensitive skies, article with video","May 25, 2022"
"U.S. still 'a ways away' from sending troops back into Ukraine, Joint Chiefs chairman says, article with video","May 24, 2022"
"Analysis: Biden's Taiwan remarks show conviction to defend island but carry risks, article with video","May 24, 2022"
"Three killed in Yemen's capital by downed drone, Houthi officials say, article with gallery","May 24, 2022"
"Colombia to train Ukrainian military on landmine removal, article with image","May 24, 2022"
"Factbox: Groups at the heart of Turkey's objections to NATO expansion, article with image","May 23, 2022"
"Putin promises to bolster Russia's IT security in face of cyber attacks, article with gallery","May 21, 2022"
"Journalists, general, militiamen arrested in Ethiopia's Amhara, article with gallery","May 21, 2022"
"Factbox: The big items in Washington's $40 billion Ukraine aid package, article with image","May 20, 2022"
"India, world's biggest buyer of Russian arms, looks to diversify suppliers, article with image","May 18, 2022"
"Lafarge loses latest appeal over crimes against humanity charges, article with image","May 18, 2022"
"Analysis: For Riyadh, Hezbollah setback is rare good news from Lebanon, article with gallery","May 18, 2022"
"Clashes force Libya's Bashagha from Tripoli after brief attempt to enter, article with video","May 18, 2022"
"Some Ethiopians claim forced recruitment by Tigrayan forces, article with gallery","May 16, 2022"
"Factbox: What is the Lebanese Forces?, article with gallery","May 16, 2022"
"Analysis: Neutral Switzerland leans closer to NATO in response to Russia, article with gallery","May 16, 2022"
"Battle rages for Ukrainian region of Donbas, article with gallery","May 16, 2022"
"Ukrainian troops holding destroyed village believe Russians withdrawing across border, article with gallery","May 16, 2022"
"Ukraine wages counteroffensive against Russian forces in east, article with video","May 15, 2022"
"Vatican number two says giving Ukraine weapons legitimate, with conditions, article with image","May 13, 2022"
"Behind blast walls, Somali parliament to choose new president, article with gallery","May 13, 2022"
"Russia says Finnish entry to NATO poses threat to which it will respond, article with image","May 12, 2022"
"Ukrainian hospital works overtime as trauma trains evacuate war-wounded, article with gallery","May 12, 2022"
"Russian troops ill-prepared for Ukraine war, says ex-Kremlin mercenary, article with gallery","May 12, 2022"
"Japan's Okinawa may be on the front lines again as it marks anniversary of U.S. handover, article with video","May 12, 2022"
"Factbox: A brief history of Finland's and Sweden's strained ties with Russia, article with image","May 12, 2022"
"Al Jazeera journalist killed during Israeli raid in West Bank, article with video","May 12, 2022"
"Ukraine reports battlefield gains as Europe's energy worries grow, article with video","May 12, 2022"
"Netherlands backs Morocco's Western Sahara autonomy plan- statement, article with gallery","May 11, 2022"
"Ukraine pushes back Russian troops in counter-offensive near Kharkiv, article with video","May 11, 2022"
"Russia's invasion of Ukraine at 'bit of a stalemate' -U.S. intel official, article with video","May 11, 2022"
"China wants to take Taiwan peacefully but is preparing militarily -U.S. intelligence officials, article with image","May 10, 2022"
"Ukraine war fuels food crisis in distant Africa, article with video","May 10, 2022"
"Libyan parliament says Bashagha govt should start work in Sirte, article with image","May 10, 2022"
"Lebanon's descent into turmoil: assassinations, war, financial collapse, article with gallery","May 9, 2022"
"Two Palestinians killed, Israeli policeman stabbed as violence simmers, article with video","May 9, 2022"
"Ukraine says all women, children now evacuated from Mariupol steel mill, article with video","May 8, 2022"
"Putin to send 'doomsday' warning to West at Russia's WW2 victory parade, article with video","May 7, 2022"
"Ukraine asks medical charity MSF to help evacuate Azovstal fighters, article with image","May 6, 2022"
"Israel searches for Palestinians suspected of killing 3 in attack, article with video","May 6, 2022"
"Analysis: War a lost opportunity for Turkey's westward outreach, article with gallery","May 5, 2022"
"Colombia extradites accused drug trafficker Otoniel to the United States, article with gallery","May 5, 2022"
"Kremlin dismisses speculation Putin to declare war on Ukraine on May 9, article with image","May 4, 2022"
"Civilians from Mariupol flee Azovstal bunkers in U.N.-led evacuation, article with video","May 2, 2022"
"Russia says risks of nuclear war must be kept to minimum, TASS reports, article with image","April 30, 2022"
"Six soldiers killed in Central African Republic rebel attack, article with gallery","April 29, 2022"
"Canada lawmakers vote unanimously to label Russia's acts in Ukraine as 'genocide', article with image","April 28, 2022"
"UK's Johnson says Putin has room to withdraw from Ukraine, article with gallery","April 27, 2022"
"Putin ally says Ukraine heading for collapse into several states, article with image","April 26, 2022"
"Shrinking U.S. Stinger missile supply faces re-stocking challenges, article with gallery","April 26, 2022"
"Park rangers enter fray in West Africa's battle with militants, article with gallery","April 26, 2022"
"Ukraine prepares war crimes charges against Russian military personnel, including pilots, article with gallery","April 26, 2022"
"UK dismisses Lavrov's ""bravado"", says no imminent threat of escalation in Ukraine, article with gallery","April 26, 2022"
"West Darfur fighting spreads to capital city El Geneina - residents, article with gallery","April 26, 2022"
"On Ukraine visit, Blinken, Austin pledge return of U.S. diplomats, more security aid, article with gallery","April 25, 2022"
"Ukraine to call for heavy arms when top U.S. officials visit Kyiv, article with video","April 25, 2022"
"Russia renews Mariupol attack, missiles hit Odesa, Ukraine says, article with video","April 24, 2022"
"Ethiopians queue up to volunteer for Russia's fight in Ukraine, article with video","April 21, 2022"
"Russia tests nuclear-capable missile that Putin calls world's best, article with video","April 21, 2022"
"Libya's Bashagha to hold cabinet meeting in Sebha, article with image","April 21, 2022"
"Russian tycoon Tinkov denounces 'crazy war' in Ukraine, article with image","April 19, 2022"
"Ukrainians deported to Russia from besieged Mariupol dream of home, article with image","April 19, 2022"
"Russian teacher rejected Kremlin propaganda, then paid the price, article with gallery","April 18, 2022"
"Russia says its forces clear most of Mariupol, strike Kyiv suburb, article with video","April 17, 2022"
"Ukraine says fighting rages in Mariupol, blasts rattle Kyiv, article with gallery","April 16, 2022"
"How big a loss to Russia is the sinking of the Moskva missile cruiser?, article with image","April 15, 2022"
"Analysis: Jerusalem clashes raise fears of wider conflict, article with gallery","April 15, 2022"
"Mali massacre survivors say white mercenaries involved in killings, article with video","April 14, 2022"
"Rheinmetall ready to supply up to 50 tanks to Ukraine - newspaper, article with image","April 11, 2022"
"East Ukraine focus of new Russian assaults, article with gallery","April 11, 2022"
"Putin's approval rating soars since he sent troops into Ukraine, state pollster reports, article with image","April 8, 2022"
"Russia complains to Turkey over drones sales to Ukraine, Turkish bureaucrat says, article with image","April 8, 2022"
"Ukraine is effectively using landmines in war with Russia - U.S. general, article with image","April 7, 2022"
"Turkey's Cavusoglu says Blinken invited him for first talks in three years, article with gallery","April 7, 2022"
"Lukashenko says there must be no Ukraine deal 'behind Belarus's back', article with image","April 7, 2022"
"Armenia, Azerbaijan agree Karabakh peace talks, will discuss border, article with image","April 7, 2022"
"Colombia court approves extradition to the U.S. of accused drug trafficker Otoniel, article with image","April 7, 2022"
"UK, U.S., Australia agree to work on hypersonics under defence pact, article with image","April 6, 2022"
"In heated exchange, U.S. defense chief defends Ukraine response, article with video","April 6, 2022"
"Malian, foreign soldiers allegedly killed hundreds in town siege -rights group, article with image","April 6, 2022"
"Twitter won't recommend Russia govt accounts, will prohibit some POW content, article with image","April 5, 2022"
"Hunger in Africa surges due to conflict, climate and food prices, article with gallery","April 5, 2022"
"Human Rights Watch accuses Russian forces of 'apparent war crimes' in Ukraine, article with video","April 3, 2022"
"Patriarch urges soldiers to defend 'peace-loving' Russia amid Ukraine campaign, article with gallery","April 3, 2022"
"Italy defers NATO defence spending goal to 2028 in coalition compromise, article with image","March 31, 2022"
"Britain's GCHQ spy chief says Russian soldiers refused to carry out orders in Ukraine, article with video","March 31, 2022"
"Russians abroad try to get Ukraine news to relatives in their homeland, article with video","March 31, 2022"
"Loud blast, gunshots as suspected bandits attack Nigerian train, article with video","March 30, 2022"
"Ethiopia releases former Tigray government officials - lawyer, article with image","March 30, 2022"
"In villages near Kyiv, how Ukraine has kept Russia's army at bay, article with gallery","March 30, 2022"
"Russia says it will sharply cut military activity near Kyiv, Chernihiv, article with image","March 29, 2022"
"FARC dissidents responsible for bombing that killed two children, says Colombia's Duque, article with image","March 29, 2022"
"Ex-separatist leader calls Russian attack on Ukraine a mistake, article with image","March 28, 2022"
"Ukraine asks Red Cross not to open office in Russia's Rostov-on-Don, article with video","March 27, 2022"
"Rockets hit western Ukraine as Biden visits Poland, decries Putin, article with video","March 27, 2022"
"Iraq parliament fails to elect new state president over lack of quorum, article with image","March 26, 2022"
"Ethiopia's Tigray region says it will observe humanitarian ceasefire, article with gallery","March 25, 2022"
"West assails Russian 'barbarism' as Ukrainians shelter from bombardment, article with video","March 25, 2022"
"Russia says Poland destroying relations with expulsions, vows tough response, article with image","March 24, 2022"
"A month into war, communicator-in-chief Zelenskiy strives to keep eyes on Ukraine, article with gallery","March 24, 2022"
"India rebukes China's foreign minister over Kashmir remarks ahead of planned visit, article with gallery","March 24, 2022"
"Turkey urges Libya to avoid steps that could renew clashes, article with gallery","March 24, 2022"
"Colombia's violence causes more displacement, explosives' victims - ICRC, article with gallery","March 24, 2022"
"Taiwan weighs extending compulsory military service beyond 4 months, article with image","March 23, 2022"
"Ukraine military tells residents to brace for indiscriminate Russian shelling, article with video","March 22, 2022"
"Russia may not stop with Ukraine – NATO looks to its weakest link, article with video","March 22, 2022"
"ASEAN peace envoy meets Myanmar junta on visit opponents deride as 'shameful', article with image","March 21, 2022"
"Putin tells Macron about Russia's approach to possible Ukraine deal, article with image","March 18, 2022"
"Putin discusses Ukraine with Russian security council, article with image","March 18, 2022"
"Russia's advance in Ukraine stalls; U.S. warns China on aiding Moscow, article with video","March 18, 2022"
"Analysis: Chinese military aid to Russia would be major role reversal, analysts say, article with image","March 17, 2022"
"European leaders' risky Kyiv mission took even close family by surprise, article with gallery","March 17, 2022"
"Poland wants to urgently buy U.S. Reaper drones, as Russia fears mount, article with image","March 17, 2022"
"Kremlin says too early to disclose potential agreements on resolving Ukraine conflict - RIA, article with image","March 16, 2022"
"Analysis: From the Kremlin, Putin ponders war and peace, article with image","March 16, 2022"
"Biden to assess Ukraine conflict at NATO meeting next week, article with image","March 16, 2022"
"'Can you imagine?' war-hit Ukrainian president paints dire picture for Canadians, article with video","March 16, 2022"
"From Gaza to Ukraine and back: war haunts Palestinian students, article with gallery","March 15, 2022"
"French NGOs threaten court action unless TotalEnergies leaves Russia, article with gallery","March 15, 2022"
"No discussion of possible Putin-Biden summit, Kremlin says, article with image","March 14, 2022"
"Chechen leader Kadyrov says he travelled to Ukraine, article with image","March 14, 2022"
"'Mission impossible': U.N. in Cambodia showed early limits of nation building, article with gallery","March 13, 2022"
"Ukraine says Russian forces kill seven civilians in evacuation convoy, article with video","March 13, 2022"
"Ukraine says Russia wants to drag Belarus into war, warns of invasion plan, article with image","March 12, 2022"
"UK very concerned about potential use of chemical weapons in Ukraine - Truss, article with image","March 10, 2022"
"U.S. closes door on combat aircraft for Ukraine, citing 'high risk', article with image","March 10, 2022"
"Explainer: Massive risks keep talk of Ukraine no-fly zone firmly grounded, article with image","March 10, 2022"
"Explainer: Fighter jets to Ukraine a step too far for NATO wary of war with Russia, article with image","March 9, 2022"
"U.S. rejects Poland's offer to give it Russian-made fighter jets for Ukraine, article with video","March 9, 2022"
"U.N. cultural agency moves to protect Ukraine's heritage sites, article with image","March 9, 2022"
"EU Commission proposes EU-wide laws to combat violence against women, article with image","March 8, 2022"
"Vatican tells Moscow armed attacks in Ukraine must stop, article with gallery","March 8, 2022"
"Ukraine and Russia: What you need to know right now, article with gallery","March 8, 2022"
"Russia warns on oil import ban as little progress is made at Ukraine talks, article with video","March 8, 2022"
"Moscow says it will let Ukrainian civilians flee — to Russia, article with video","March 8, 2022"
"Fighting traps residents in Mariupol; Putin calls on Ukraine to surrender, article with video","March 7, 2022"
"Talk of Russian nuclear escalation is brinkmanship, says UK's Raab, article with image","March 6, 2022"
"Putin likens Western sanctions to war as Russian assault traps Ukrainian civilians, article with video","March 6, 2022"
"Kremlin says the West is behaving like a bandit, article with image","March 5, 2022"
"Underground U.S. groups funnel fighters, medics to Ukraine, article with image","March 5, 2022"
"NATO rejects Ukraine no-fly zone, unhappy Zelenskiy says this means more bombing, article with video","March 5, 2022"
"Russia fights back in information war with jail warning, article with video","March 4, 2022"
"Russian upper house backs bill imposing jail terms for fake news about its army, article with image","March 4, 2022"
"New U.S.-Russia military hotline as Ukraine war rages, article with gallery","March 4, 2022"
"Libya crisis worsens as rival government takes oath, article with gallery","March 3, 2022"
"Pope to make often delayed visit to South Sudan in July, article with image","March 3, 2022"
"Russian troops enter strategic Black Sea port city of Kherson, mayor says, article with image","March 3, 2022"
"U.S. delays ICBM test-launch in bid to de-escalate Russia nuclear tensions, article with image","March 3, 2022"
"Libya's Bashagha says he will not use force to take office, article with image","March 2, 2022"
"Indonesia dismisses U.N. experts' call to probe alleged abuses in Papua, article with image","March 2, 2022"
"Libya parliament backs new government as crisis deepens, article with gallery","March 2, 2022"
"World Bank, IMF racing to get aid to Ukraine in coming weeks, months, article with image","March 2, 2022"
"Red Cross chief 'cautiously positive' about possible prisoner visits in Ukraine, article with image","March 2, 2022"
"Former comic actor Zelenskiy is unlikely war leader for Ukraine, article with video","March 2, 2022"
"Timeline: The events leading up to Russia's invasion of Ukraine, article with image","March 1, 2022"
"Iran says key issues still unresolved in nuclear talks, article with gallery","March 1, 2022"
"Norway to send weapons to Ukraine, in change of policy, article with image","February 28, 2022"
"Mothers, babies shelter in basement of children's hospital in Kyiv, article with video","February 28, 2022"
"Analysis: Putin forces Germany to step up to role as global power, article with gallery","February 28, 2022"
"EU says needs to prepare for millions of refugees from Ukraine, article with image","February 27, 2022"
"Putin puts nuclear 'deterrence' forces on alert, article with video","February 27, 2022"
"U.S. to provide additional security aid to Ukraine, Pentagon says, article with image","February 26, 2022"
"UK says NATO forces must not play active role in Ukraine, article with image","February 25, 2022"
"Biden hits Russia with new sanctions for 'premeditated' Ukraine attack, article with video","February 25, 2022"
"Libya parliament to vote on new government next week, article with image","February 24, 2022"
"Poland prepares medical train, hospital beds for Ukrainians, article with image","February 24, 2022"
"Kremlin critic Khodorkovsky urges Russians: stop Putin's Ukraine war, article with image","February 24, 2022"
"As U.N. Security Council met, Russia attacked Ukraine, article with gallery","February 24, 2022"
"ELN rebels blow up bridge, injure eight in attacks across Colombia -government, article with gallery","February 24, 2022"
"Demand for Hebrew lessons jumps in Gaza as Israel eases work restrictions, article with video","February 23, 2022"
"U.N. Myanmar expert says junta using new Russian, Chinese arms against civilians, article with gallery","February 23, 2022"
"Ukrainian president drafts reservists but rules out general mobilisation for now, article with image","February 23, 2022"
"UN rights boss urges dialogue, end to violence in Ukraine, article with gallery","February 22, 2022"
"West rails against Russian moves in Ukraine, calls for sanctions, article with gallery","February 22, 2022"
"Factbox: What are the Minsk agreements on the Ukraine conflict?, article with image","February 21, 2022"
"Myanmar junta urges ASEAN envoy not to engage with 'terrorist' groups, article with image","February 21, 2022"
"Putin oversees nuclear drills, U.S. says Russian forces 'poised to strike' Ukraine, article with video","February 20, 2022"
"Russia trying to provoke Ukraine's military to attack, Kyiv says, article with image","February 19, 2022"
"U.S. announces Abrams tanks for Poland as Russia threat mounts, article with gallery","February 18, 2022"
"Russia voices alarm over sharp increase of Donbass shelling, article with gallery","February 18, 2022"
"Russian-backed Ukraine rebels accuse government forces of mortar attack, article with gallery","February 17, 2022"
"U.S. warns against Russian false claims being used as pretext for Ukraine invasion, article with image","February 17, 2022"
"Despite battlefield success, small killer drones slow to spread in Southeast Asia, article with image","February 16, 2022"
"Ukrainian veterans in Poland prepare to re-enlist as Russia tensions mount, article with video","February 15, 2022"
"Eastern Europe braces for refugees as Russia-Ukraine conflict simmers, article with gallery","February 14, 2022"
"U.S. F-22 fighter jets arrive in UAE following Houthi attacks, article with image","February 13, 2022"
"Armed convoy moves into Tripoli to shore up interim PM, article with image","February 12, 2022"
"Exclusive: Myanmar army defector recounts heavy losses inflicted by Chin rebels, article with video","February 12, 2022"
"Failed coup puts spotlight back on Guinea-Bissau's role in cocaine trade, article with gallery","February 11, 2022"
"In Moscow, Macron found a different, tougher Putin, article with gallery","February 10, 2022"
"World Court orders Uganda to pay $325 million DR Congo reparations, article with video","February 10, 2022"
"'Where can we go?' Fear and self-defence near Ukraine's eastern frontiers, article with video","February 8, 2022"
"U.S. approves $100 million sale for Taiwan missile upgrades, article with image","February 8, 2022"
"Islamic State leader and family blended in among Syrians uprooted by war, article with gallery","February 4, 2022"
"Turkish warplanes attack Kurdish fighters in Iraq, Syria, article with video","February 2, 2022"
"Dutch PM, in Kyiv, urges justice for MH17 victims, dialogue in Ukraine crisis, article with gallery","February 2, 2022"
"Drug trafficking surging in year since Myanmar coup, article with image","February 2, 2022"
"Putin accuses U.S. of trying to lure Russia into war, article with video","February 2, 2022"
"Explainer: Stalemate in Myanmar as post-coup crisis drags on, article with gallery","February 1, 2022"
"Myanmar death toll exceeds 1,500 with nearly 8,800 in custody - UN, article with image","February 1, 2022"
"Britain considering major NATO deployment amid Ukraine crisis, article with image","January 30, 2022"
"Russian buildup at Ukraine border includes blood for wounded, U.S. officials say, article with video","January 29, 2022"
"Putin says West has not addressed key concerns in Ukraine standoff, article with video","January 29, 2022"
"Some Kazakh protesters feel they were tricked into fuelling clan feud, article with gallery","January 28, 2022"
"Guards clash again on Kyrgyz-Tajik border, ceasefire falters, article with image","January 28, 2022"
"More than 15,000 people displaced in new Darfur violence, U.N. says, article with image","January 27, 2022"
"Explainer: What are NATO's next steps if Russia invades Ukraine?, article with image","January 27, 2022"
"Lebanon's Hariri steps away from politics, upending election landscape, article with gallery","January 24, 2022"
"Factbox: Turbulent career in politics of Lebanon's Hariri, article with image","January 24, 2022"
"Libyan parliament committee urges change of PM, risking new strife, article with gallery","January 24, 2022"
"'Another crime' say survivors of coalition strikes on Yemeni detention centre, article with gallery","January 23, 2022"
"German navy chief resigns over Putin comments, article with image","January 23, 2022"
"Germany distances itself from navy chief's comments on Putin, article with image","January 22, 2022"
"Car bomb in eastern Colombia conflict area kills one, article with gallery","January 21, 2022"
"Canada agency says Russian-backed actors targeting infrastructure, article with gallery","January 21, 2022"
"In Western Sahara refugee camps, little optimism over frozen conflict, article with gallery","January 20, 2022"
"Canada, echoing U.S., says it fears armed conflict could erupt in Ukraine, article with image","January 19, 2022"
"Around 20 killed in deadliest coalition strikes on Yemen's Sanaa since 2019, article with video","January 19, 2022"
"Analysis: Best supporting actor? NATO in secondary role if Russia invades Ukraine, article with gallery","January 18, 2022"
"U.S. condemns deadly Houthi attack on Abu Dhabi; UAE reserves right to respond, article with video","January 18, 2022"
"Philippines says 'indispensable' Suu Kyi must be involved in Myanmar peace process, article with gallery","January 16, 2022"
"'Keep the defender guessing': Russia's military options on Ukraine, article with video","January 14, 2022"
"Iraqi cleric's push to sideline Iran-backed factions risks clash, article with gallery","January 14, 2022"
"U.N. envoy urges 'inclusive' ASEAN approach to Myanmar crisis, article with image","January 13, 2022"
"NATO offers arms talks as Russia warns of dangers, article with video","January 13, 2022"
"OSCE warns against hate incidents destabilising Bosnia, article with image","January 12, 2022"
"Residents question Ukraine's absence from talks about its future, article with image","January 10, 2022"
"Ex-paramilitaries stand trial for Guatemala civil war rape of 36 indigenous women, article with gallery","January 6, 2022"
"Blinken, German minister reiterate warning to Russia over Ukraine, article with video","January 6, 2022"
"EXCLUSIVE U.S. special envoy for Horn of Africa to leave post, article with gallery","January 5, 2022"
"U.S., Europeans warn Sudan's military against excluding civilians in transition, article with image","January 5, 2022"
"Explainer: Sudan's political transition in the balance, article with gallery","January 3, 2022"
"A Myanmar family flees to India with no plans to return soon, article with gallery","December 31, 2021"
"EU mulls arms embargo, more sanctions on Myanmar after 'appalling' violence, article with gallery","December 30, 2021"
"Special Report: Pilots detail chaotic collapse of the Afghan Air Force, article with gallery","December 29, 2021"
"U.S., Russia set for Jan 10 security talks amid Ukraine tensions, article with image","December 29, 2021"
"Turkey offers to mediate in Bosnian crisis 'to ensure stability', article with gallery","December 29, 2021"
"Houthis have fired 430 missiles, 851 drones at Saudi Arabia since 2015 - Saudi-led coalition, article with gallery","December 27, 2021"
"Putin says Russia doesn't want conflict but needs 'immediate' guarantees, article with image","December 24, 2021"
"'Keep the defender guessing': Russia's military options on Ukraine, article with image","December 23, 2021"
"Saudi coalition says it strikes military camp in Sanaa, Houthis say bombs hit prison, article with gallery","December 23, 2021"
"Explainer: Why Libya's election has collapsed and what comes next, article with gallery","December 23, 2021"
"Three bodies found, but scores buried by landslide at Myanmar jade mine, article with image","December 23, 2021"
"Scores feared dead after landslide at Myanmar jade mine, article with gallery","December 23, 2021"
"EXCLUSIVE U.S. concerned over Turkey's drone sales to conflict-hit Ethiopia, article with gallery","December 22, 2021"
"Libyan election collapses with no plan out of crisis, article with gallery","December 22, 2021"
"Some Bosnian Serbs fear leader's separatist course could bring chaos, article with image","December 22, 2021"
"Ethiopia says army clearing Tigrayan forces from two northern regions, article with gallery","December 21, 2021"
"Tigray forces withdraw from neighbouring Ethiopian regions -spokesman, article with image","December 21, 2021"
"Rights groups report wave of abuses against Tigrayans in Ethiopian region, article with gallery","December 17, 2021"
"In east Ukraine city, thoughts turn again to war, article with gallery","December 16, 2021"
"Pope calls for 'serious international dialogue' to defuse Ukraine tensions, article with gallery","December 12, 2021"
"Nigerians displaced by insurgency fear being forced to return home, article with video","December 9, 2021"
"North Cameroon violence between farmers, herders kills 22; residents flee, article with gallery","December 9, 2021"
"U.N. suspends food distribution in two towns in Ethiopia after looting, article with image","December 9, 2021"
"Canada's Omicron travel ban disrupts residents heading home, article with gallery","December 9, 2021"
"Factbox: Who is fighting in Yemen's war?, article with gallery","December 8, 2021"
"Saudi coalition bombs Sanaa in tit-for-tat violence with Houthis, article with gallery","December 8, 2021"
"Israeli's Gantz immune from prosecution in Gaza bombing case -Dutch court, article with gallery","December 7, 2021"
"Yemen Houthis bury their dead as fighting rages in gas-rich Marib, article with gallery","December 7, 2021"
"Biden and Putin head into Ukraine talks with scant room for compromise, article with gallery","December 7, 2021"
"Ukraine shows off U.S. military hardware, vows to fight off Russia, article with gallery","December 7, 2021"
"Factbox: What are the Minsk agreements on the Ukraine conflict?, article with image","December 6, 2021"
"Colombia ex-rebels grow disillusioned with FARC party 5 years after peace, article with gallery","December 2, 2021"
"U.S. revokes terrorist designation for Colombia's FARC, article with gallery","November 30, 2021"
"Belarus announces military drills with Russia near Ukraine border, article with image","November 29, 2021"
"Explainer: -What is behind unrest in the Solomon Islands?, article with image","November 29, 2021"
"UN, US express concern after incident at Libyan court, article with image","November 26, 2021"
"Libya fighters disrupt Gaddafi son's election appeal, article with gallery","November 26, 2021"
"Australian police take control of Solomon Islands capital - witnesses, article with video","November 26, 2021"
"Thousands protest in Sudan against deal between PM Hamdok and military, article with video","November 26, 2021"
"Colombia gets U.S. extradition request for accused drug trafficker Otoniel, article with image","November 25, 2021"
"In Russia-Ukraine faceoff, both sides stage combat drills, article with gallery","November 25, 2021"
"United Nations calls for immediate end to fighting in Ethiopia, article with gallery","November 25, 2021"
"U.S. amends Syria sanctions rules over NGO activities, article with image","November 24, 2021"
"Q+A What is the risk of a war between Russia and Ukraine?, article with gallery","November 24, 2021"
"United Nations calls for efforts to ensure economic future for Colombia ex-rebels, article with gallery","November 24, 2021"
"Colombia's armed forces seize cocaine worth over $300 million, article with image","November 24, 2021"
"Number of children recruited into conflict grows in West and Central Africa, article with gallery","November 23, 2021"
"Poland says Belarus border crisis may be prelude to ""something worse"", article with video","November 22, 2021"
"Europe must resist Belarus migrants' 'blackmail', Austria says, article with video","November 22, 2021"
"Britain outlaws Palestinian militant group Hamas -interior minister, article with image","November 20, 2021"
"U.S. warns China after South China Sea standoff with Philippines, article with image","November 19, 2021"
"In pitch to Africa, Blinken vows cleaner business deals, article with video","November 19, 2021"
"Security, climate dominate as U.S. Secretary of State kicks off Africa tour, article with video","November 18, 2021"
"Sanctions possible for those undermining Bosnia peace deal -Blinken, article with image","November 17, 2021"
"Gaddafi, Haftar election bids add fresh uncertainty to Libya turmoil, article with gallery","November 16, 2021"
"Libya's eastern commander Haftar announces election bid, article with gallery","November 16, 2021"
"Colombian troop surge seeks to stem drug-linked Venezuelan border violence, article with video","November 16, 2021"
"China's Xi expected to prioritise Taiwan issue in Biden discussion, article with image","November 15, 2021"
"U.S. blacklists Eritrean military over conflict in Ethiopia, article with image","November 13, 2021"
"I'll not sacrifice peace for Republika Srpska, Bosnian Serb leader says, article with image","November 11, 2021"
"Ethiopia rounds up high-profile Tigrayans, U.N. staff, article with video","November 11, 2021"
"Turkish defence firm to test sea-based drones as orders swell, article with gallery","November 10, 2021"
"Returning to ruined city, Libyan family struggles to rebuild, article with video","November 9, 2021"
"U.N. aid chief says Myanmar deteriorating, Security Council meets, article with image","November 9, 2021"
"Sudan internet cuts complicate civil disobedience campaign against coup, article with image","November 8, 2021"
"U.S. orders non-emergency government employees in Ethiopia to leave, article with image","November 7, 2021"
"New alliance wants to oust Ethiopia's PM by talks or force, article with video","November 6, 2021"
"U.S. Republicans want billions for Taiwan military aid to counter China, article with image","November 5, 2021"
"Pentagon sharply raises its estimate of Chinese nuclear warheads, article with gallery","November 4, 2021"
"Ethiopia government says Tigray forces killed 100 youths in key town, article with video","November 2, 2021"
"Analysis: Sudan's military leaders could face isolation after coup, article with image","November 1, 2021"
"First few tourists visit Libya but security threats remain, article with image","November 1, 2021"
"Don't blame us for Ukraine's use of Turkish drones -Turkish FM, article with image","October 31, 2021"
"Crisis with Lebanon rooted in Hezbollah dominance - Saudi minister, article with image","October 30, 2021"
"Ukraine using Turkish drones in Donbass conflict in self-defence, Zelenskiy says, article with image","October 29, 2021"
"EU top military official voices support for Bosnia's joint armed forces, article with image","October 28, 2021"
"Factbox: The general who led Sudanese coup, article with image","October 26, 2021"
"Factbox: What is happening in Sudan?, article with image","October 25, 2021"
"China strengthens land border protection with new law, article with image","October 24, 2021"
"U.N. plane aborts landing as air strike hits Ethiopia's Tigray, article with image","October 23, 2021"
"Nigerian state to shut camps for people displaced by insurgency, article with image","October 23, 2021"
"Factbox: What is the Lebanese Forces party?, article with gallery","October 22, 2021"
"Outgoing U.N. envoy says Myanmar has spiraled into civil war, article with image","October 22, 2021"
"Libyan PM, foreign powers backs Dec. 24 national election, article with image","October 21, 2021"
"Blinken, on Colombia visit, says human rights accountability critical, article with gallery","October 21, 2021"
"Ethiopia conducts two air strikes on Tigray within hours, war escalates, article with video","October 20, 2021"
"Ethiopian families fleeing fighting describe hunger, rape in Amhara, article with video","October 18, 2021"
"Separatists end blockade of hotel housing conflict monitors in eastern Ukraine, article with gallery","October 18, 2021"
"Explainer: How Hezbollah widens Iran's Middle East reach, article with image","October 15, 2021"
"Deadly shooting rocks Beirut as tensions over blast probe erupt, article with video","October 15, 2021"
"Deadly shooting rocks Beirut as tensions over blast probe erupt, article with video","October 15, 2021"
"Explainer: What's happening in Lebanon, article with image","October 15, 2021"
"In Libyan city, mass graves evoke stakes of faltering peace push, article with gallery","October 14, 2021"
"Tension over Beirut blast probe tips Lebanon into new crisis, article with gallery","October 13, 2021"
"How Libya's shaky peace push has unfolded, article with image","October 13, 2021"
"Battle-hardened Taliban fighters enjoy a day off at amusement park, article with gallery","October 10, 2021"
"Taiwan does not seek military confrontation, says president, article with video","October 8, 2021"
"Colombia deploys 14,000-strong military unit in restive border region, article with gallery","October 7, 2021"
"New European taskforce takes on Mali's elusive militants, article with video","October 6, 2021"
"Gunfire disrupts Cameroon prime minister's visit to separatist region, article with image","October 6, 2021"
"Libya's warring sides, including Russian mercenaries, may be guilty of crimes - UN, article with gallery","October 4, 2021"
"EXCLUSIVE Some 1,900 Colombian guerrillas operating from Venezuela, says Colombia military chief, article with gallery","October 1, 2021"
"Guatemala suspends search for remains of indigenous children killed in war-era massacre, article with gallery","October 1, 2021"
"Search for remains of indigenous children killed in Guatemala massacre blocked by residents, article with video","September 29, 2021"
"Iraqis to vote in ballot marked by growing social and political fractures, article with gallery","September 28, 2021"
"Guatemala to search for bodies of Indigenous children believed killed in civil war massacre, article with image","September 28, 2021"
"Israeli PM says Iran has crossed nuclear 'red lines'; Tehran calls it 'full of lies', article with gallery","September 28, 2021"
"Gunmen kill 22 Nigerian security personnel, says state lawmaker, article with image","September 27, 2021"
"Libya's presidency seeks consensus on election law, article with image","September 26, 2021"
"UN commissioner urges international effort on Myanmar 'before it is too late', article with gallery","September 23, 2021"
"Gay war veteran speaks out for equal rights in Ukraine's military, article with gallery","September 17, 2021"
"Factbox: What is Lebanon's Hezbollah?, article with image","September 16, 2021"
"Killings of Colombia environmental activists hit record, NGO says, despite gov't promises, article with gallery","September 14, 2021"
"N.Korea tests first 'strategic' cruise missile with possible nuclear capability, article with video","September 13, 2021"
"Abimael Guzman, founder of Peruvian rebel group Shining Path, dies at 86, article with video","September 12, 2021"
"Myanmar urged to avoid violence after junta opponents declare revolt, article with gallery","September 8, 2021"
"Analysis: S.Korea blazes new path with 'most potent' conventional missile submarine, article with image","September 8, 2021"
"Taliban sources say last Afghan holdout region falls; resistance denies claim, article with video","September 4, 2021"
"The day the music died: Afghanistan's all-female orchestra falls silent, article with video","September 3, 2021"
"Worst Tripoli fighting in a year shows limits of Libya peace push, article with image","September 3, 2021"
"Rebels hold out in Afghan valley as Taliban set up government in Kabul, article with video","September 3, 2021"
"Guns, drugs, jobs. In these Venezuelan towns, Colombian rebels call the shots, article with gallery","September 2, 2021"
"Analysis: Afghanistan pullout spurs EU to revive rapid reaction force, article with image","September 1, 2021"
"Israel bombs Hamas sites in Gaza over fire balloons - military, article with video","August 30, 2021"
"Veteran Afghan strongmen to form new front for negotiating with Taliban, article with gallery","August 29, 2021"
"U.N. chief says social fabric of Ethiopia being torn apart, article with gallery","August 28, 2021"
"Colombia's cemeteries may hold answers for families of disappeared, article with video","August 26, 2021"
"Desperate Nigerians sell homes and land to free kidnapped children, article with video","August 24, 2021"
"Planes, guns, night-vision goggles: The Taliban's new U.S.-made war chest, article with gallery","August 19, 2021"
"Biden and Israeli PM set to discuss Iran strategy at meeting next week, article with gallery","August 19, 2021"
"Biden scrambles to limit damage to credibility from Afghanistan, article with image","August 18, 2021"
"Drones, navies, attack boats: Will they be enough to tackle the world's latest piracy hotspot?, article with video","August 17, 2021"
"Britain asks: Is America back or has it turned its back?, article with gallery","August 16, 2021"
"Profits and poppy: Afghanistan's illegal drug trade a boon for Taliban, article with gallery","August 16, 2021"
"U.S. mobilizes 3,000 troops to Kabul for embassy staff drawdown, article with image","August 13, 2021"
"Ethiopia urges citizens to join armed forces as conflict spreads, article with image","August 11, 2021"
"Yemen's children toil at dangerous work, not school, article with video","August 10, 2021"
"Tigrayan forces take control of Ethiopia's Lalibela, a UN World Heritage Site - eyewitnesses, article with video","August 6, 2021"
"Top paramilitary, guerrilla leaders in Colombia ask forgiveness, article with gallery","August 5, 2021"
"U.S.'s Blinken, Sudan's prime minister discuss Ethiopia's Tigray conflict, article with image","August 4, 2021"
"Eritrean refugees in Ethiopian capital protest insecurity at Tigray camps, article with gallery","July 29, 2021"
"Ukrainian president fires head of the armed forces, citing disputes, article with gallery","July 27, 2021"
"Peru opposition to lead Congress in setback for socialist Castillo, article with image","July 27, 2021"
"Lebanese Sunni tycoon Najib Mikati poised to be designated PM, article with gallery","July 26, 2021"
"Ethiopia's Amhara state rallies youth to fight Tigrayan forces as war widens, article with gallery","July 26, 2021"
"Azerbaijan jails 13 Armenian military personnel for six years -court, article with image","July 23, 2021"
"Analysis: Caught between China and the U.S., Asian countries stockpile powerful new missiles, article with gallery","July 20, 2021"
"Afghanistan on brink of humanitarian crisis-UN refugee agency, article with video","July 13, 2021"
"Why were Colombian ex-soldiers in Haiti? Experts say they are popular mercenaries, article with gallery","July 10, 2021"
"Ahmed Jibril, founder of pro-Syrian Palestinian guerrilla group, buried in Damascus, article with gallery","July 9, 2021"
"Britain has withdrawn nearly all its troops from Afghanistan - PM Johnson, article with video","July 8, 2021"
"Analysis: Myanmar turmoil deepens as clashes spread, article with gallery","July 7, 2021"
"Nigerian lawmakers approve $2.4 billion to fight violence, fund vaccines, article with image","July 7, 2021"
"U.S. extends Temporary Protected Status for Yemeni immigrants, article with image","July 7, 2021"
"Greek economy won't close again because of COVID-19, PM says, article with gallery","July 4, 2021"
"Soccer Divided loyalties: Euros split residents of war-ravaged east Ukraine, article with video","July 2, 2021"
"U.S. adds Turkey to list of countries implicated in use of child soldiers, article with image","July 2, 2021"
"In a first, U.S. warns of dangers of systemic racism in human trafficking report, article with gallery","July 2, 2021"
"Colombia seizes six metric tons of cocaine from ELN rebels, article with video","June 30, 2021"
"Undeclared conflict? America's battles with Iran-backed militia escalate, again, article with video","June 29, 2021"
"Twenty-eight civilians killed in northern Afghan province as fighting intensifies, article with gallery","June 29, 2021"
"Boko Haram fighters pledge to Islamic State in video, worrying observers, article with video","June 28, 2021"
"U.N. says 230,000 displaced by Myanmar fighting, article with image","June 24, 2021"
"Libya's foreign minister sees progress on removal of foreign mercenaries, article with gallery","June 24, 2021"
"Deadly landmine legacy in Tripoli shows stakes of Libya talks, article with gallery","June 24, 2021"
"Dozens of Congo's rebels lay down weapons in the east, article with video","June 23, 2021"
"Officials count ballots after Ethiopia's election, new fighting reported in Tigray, article with gallery","June 23, 2021"
"Explainer: Untangling the crisis in Libya, article with image","June 22, 2021"
"Sudan's PM calls for unified military after tensions surface, article with image","June 22, 2021"
"More than 8,500 children used as soldiers in 2020: U.N., article with gallery","June 22, 2021"
"Libya's Haftar closes border with Algeria, article with gallery","June 20, 2021"
"New joint force to ""crack down on insecurity"" in Sudan, article with gallery","June 18, 2021"
"Roadblocks upend Palestinian family's life in East Jerusalem's Sheikh Jarrah, article with video","June 17, 2021"
"Myanmar militia group halts attacks on troops; Suu Kyi ‘confident’ in court, article with image","June 15, 2021"
"Outsider Khan must steer war crimes court through choppy waters, article with gallery","June 15, 2021"
"NATO adopts tough line on China at Biden’s debut summit with alliance, article with video","June 15, 2021"
"Dance helps Congo’s rape survivors cope with trauma, article with video","June 15, 2021"
"Explainer: Who's who in Israel's new patchwork coalition government, article with video","June 14, 2021"
"Analysis: With Trump gone, NATO wages war on climate threat, article with gallery","June 14, 2021"
"Eying Russia, Pentagon to send Ukraine counter-drone, electronic warfare equipment, article with gallery","June 12, 2021"
"With military victory elusive, W.African nations quietly back talks with Islamists, article with video","June 11, 2021"
"At least 8 killed in Marib blasts, says Yemeni official, article with image","June 11, 2021"
"Congo detains alleged ivory trafficker blamed for killings of park rangers -statement, article with image","June 10, 2021"
"Gunmen kill at least 10 Afghans working for mine-clearing agency, article with video","June 9, 2021"
"Erdogan says Turkey 'neutralised' PKK official in Iraq camp strike, article with image","June 6, 2021"
"Thailand concerned at Myanmar violence, article with image","June 6, 2021"
"Azerbaijan says it forced around 40 Armenian troops to retreat after border incursion, article with image","June 2, 2021"
"Erdogan says Turkey could target refugee camp deep inside Iraq, article with image","June 2, 2021"
"Greece and Turkey aim to smooth differences, leaders to meet, article with gallery","May 31, 2021"
"Greece rejects Turkish minister's comments on Muslim minority, article with gallery","May 31, 2021"
"In Abiy's Ethiopia, press freedom flourished then fear returned, article with gallery","May 28, 2021"
"U.N. launches investigation into whether Israel, Hamas committed crimes, article with video","May 28, 2021"
"Somalia's PM commits to free, fair polls after impasse over elections resolved, article with gallery","May 27, 2021"
"U.S. warns of further action against Ethiopia, Eritrea over Tigray, article with image","May 27, 2021"
"Displaced by Israeli bombs, Gazans camp by rubble of their homes, article with gallery","May 27, 2021"
"U.S., Egypt working closely to reinforce Gaza ceasefire, Blinken says, article with gallery","May 26, 2021"
"Factbox: Who are Syrian President Bashar al-Assad's foes?, article with image","May 26, 2021"
"Myanmar cardinal appeals for fighting to end after fatal church attack, article with image","May 26, 2021"
"Myanmar junta shows first images of Suu Kyi since coup, article with video","May 24, 2021"
"Myanmar junta leader says Suu Kyi will soon appear, article with gallery","May 22, 2021"
"EXCLUSIVE Indonesia's troop surge in Papua aims to 'wipe out' armed rebels: police intel chief, article with image","May 21, 2021"
"Israel and Hamas agree Gaza truce, Biden pledges assistance, article with video","May 20, 2021"
"Silos and saturation salvoes: Gaza rockets bedevil Israel, article with image","May 19, 2021"
"Ex-FARC leader Jesus Santrich killed in Venezuela, dissident group says, article with video","May 18, 2021"
"In Gaza, U.N. classrooms become dormitories as Palestinians flee conflict, article with image","May 18, 2021"
"U.S. Tripoli visit shows increased Libya focus after fighting, article with gallery","May 18, 2021"
"EU - minus Hungary - calls for Israeli-Palestinian ceasefire, article with gallery","May 18, 2021"
"World powers urge truce as Israel-Palestinian conflict rages, article with video","May 18, 2021"
"Israel-Gaza conflict rages on despite U.S., regional diplomacy, article with video","May 17, 2021"
"Jordan's king says diplomacy under way to halt Israel's military campaign, article with image","May 16, 2021"
"Do not give in to evil and division, Pope tells Myanmar community, article with gallery","May 16, 2021"
"Israel air strikes kill 42 Palestinians, rockets fired from Gaza, article with video","May 16, 2021"
"UAE airlines Etihad, flydubai cancel Tel Aviv flights, article with image","May 15, 2021"
"Lebanese man killed by Israeli troops on border, Lebanese agency says, article with gallery","May 14, 2021"
"Armenia says Azerbaijan fails to fully withdraw after border incident, article with gallery","May 14, 2021"
"Israel pounds Gaza to curb Palestinian militants but rockets still fly, article with video","May 14, 2021"
"ICC prosecutor warns against crimes in escalating Israeli-Palestinian violence, article with gallery","May 13, 2021"
"Gaza conflict intensifies with rocket barrages and air strikes, article with video","May 13, 2021"
"Russia, Ukraine hold military drills, NATO criticises Russian troop build-up, article with video","April 14, 2021"
"Biden administration proceeding with $23 billion weapon sales to UAE, article with gallery","April 14, 2021"
"Countdown to ‘catastrophe:’ Inside Europe’s fight for COVID shots, article with video","February 5, 2021"
"China sharpens language, warns Taiwan that independence ‘means war’, article with video","January 28, 2021"
